Mode,Accuracy,F1 Micro,F1 Weighted,F1 Macro,Recall,Precision
cross-genre,0.5785123966942148,0.5785123966942148,0.5391005688526349,0.5142857142857142,0.5380434782608696,0.556875
per-genre,0.5284552845528455,0.5284552845528455,0.4841220207073865,0.4918803418803419,0.5454907161803714,0.5700000000000001
