Mode,Accuracy,F1 Micro,F1 Weighted,F1 Macro,Recall,Precision
per-genre,0.42857142857142855,0.42857142857142855,0.38095238095238093,0.41666666666666663,0.6,0.6666666666666666
cross-genre,0.7727272727272727,0.7727272727272727,0.7690700104493208,0.7471264367816092,0.7410714285714286,0.7571428571428571
