Mode,Accuracy,F1 Micro,F1 Weighted,F1 Macro,Recall,Precision
per-genre,0.8384897745149449,0.8384897745149449,0.8952222791492098,0.3264293915040184,0.38216505275328805,0.34069513286520725
cross-genre,0.19540229885057472,0.19540229885057472,0.3269230769230769,0.10897435897435898,0.06513409961685825,0.3333333333333333
