Mode,Accuracy,F1 Micro,F1 Weighted,F1 Macro,Recall,Precision
cross-genre,0.5882352941176471,0.5882352941176471,0.5589397814461753,0.5296442687747036,0.5428571428571429,0.5576923076923077
per-genre,0.8235294117647058,0.8235294117647058,0.8247549019607844,0.8229166666666667,0.8392857142857143,0.8298611111111112
