Mode,Accuracy,F1 Micro,F1 Weighted,F1 Macro,Recall,Precision
per-genre,0.7927927927927928,0.7927927927927928,0.8844221105527638,0.44221105527638194,0.3963963963963964,0.5
cross-genre,0.2857142857142857,0.2857142857142857,0.44444444444444436,0.2222222222222222,0.14285714285714285,0.5
