Mode,Accuracy,F1 Micro,F1 Weighted,F1 Macro,Recall,Precision
per-genre,0.5827338129496403,0.5827338129496403,0.5578513812326762,0.5637445887445888,0.5987525987525988,0.628101402373247
cross-genre,0.5238095238095238,0.5238095238095238,0.47271866493076103,0.45629660314830156,0.49725877192982454,0.49558823529411766
